host,port,ProxyHost,ProxyPort
191.209.43.16,5678,host,5678
191.209.43.17,5678,191.209.43.16,5678
191.209.43.18,5678,191.209.43.17,5678
191.209.43.19,5678,191.209.43.18,5678
191.209.43.20,5678,191.209.43.19,5678
191.209.43.21,5678,191.209.43.20,5678
191.209.43.22,5678,191.209.43.21,5678
191.209.43.23,5678,191.209.43.22,5678
191.209.43.24,5678,191.209.43.23,5678
191.209.43.25,5678,191.209.43.24,5678
191.209.43.26,5678,191.209.43.25,5678
191.209.43.27,5678,191.209.43.26,5678
191.209.43.28,5678,191.209.43.27,5678
191.209.43.29,5678,191.209.43.28,5678
191.209.43.30,5678,191.209.43.29,5678
191.209.43.31,5678,191.209.43.30,5678
191.209.43.32,5678,191.209.43.31,5678
191.209.43.33,5678,191.209.43.32,5678
191.209.43.34,5678,191.209.43.33,5678
191.209.43.35,5678,191.209.43.34,5678
191.209.43.36,5678,191.209.43.35,5678
191.209.43.37,5678,191.209.43.36,5678
191.209.43.38,5678,191.209.43.37,5678
191.209.43.39,5678,191.209.43.38,5678
191.209.43.40,5678,191.209.43.39,5678
191.209.43.41,5678,191.209.43.40,5678
191.209.43.42,5678,191.209.43.41,5678
191.209.43.43,5678,191.209.43.42,5678
191.209.43.44,5678,191.209.43.43,5678
191.209.43.45,5678,191.209.43.44,5678
191.209.43.46,5678,191.209.43.45,5678
191.209.43.47,5678,191.209.43.46,5678
191.209.43.48,5678,191.209.43.47,5678
191.209.43.49,5678,191.209.43.48,5678
191.209.43.50,5678,191.209.43.49,5678
191.209.43.51,5678,191.209.43.50,5678
191.209.43.52,5678,191.209.43.51,5678
191.209.43.53,5678,191.209.43.52,5678
191.209.43.54,5678,191.209.43.53,5678
191.209.43.55,5678,191.209.43.54,5678
191.209.43.56,5678,191.209.43.55,5678
191.209.43.57,5678,191.209.43.56,5678
191.209.43.58,5678,191.209.43.57,5678
191.209.43.59,5678,191.209.43.58,5678
191.209.43.60,5678,191.209.43.59,5678
191.209.43.61,5678,191.209.43.60,5678
191.209.43.62,5678,191.209.43.61,5678
191.209.43.63,5678,191.209.43.62,5678
191.209.43.64,5678,191.209.43.63,5678
191.209.43.65,5678,191.209.43.64,5678
191.209.43.66,5678,191.209.43.65,5678
191.209.43.67,5678,191.209.43.66,5678
191.209.43.68,5678,191.209.43.67,5678
191.209.43.69,5678,191.209.43.68,5678
191.209.43.70,5678,191.209.43.69,5678
191.209.43.71,5678,191.209.43.70,5678
191.209.43.72,5678,191.209.43.71,5678
191.209.43.73,5678,191.209.43.72,5678
191.209.43.74,5678,191.209.43.73,5678
191.209.43.75,5678,191.209.43.74,5678
191.209.43.76,5678,191.209.43.75,5678
191.209.43.77,5678,191.209.43.76,5678
191.209.43.78,5678,191.209.43.77,5678
191.209.43.79,5678,191.209.43.78,5678
191.209.43.80,5678,191.209.43.79,5678
191.209.43.81,5678,191.209.43.80,5678
191.209.43.82,5678,191.209.43.81,5678
191.209.43.83,5678,191.209.43.82,5678
191.209.43.84,5678,191.209.43.83,5678
191.209.43.85,5678,191.209.43.84,5678
191.209.43.86,5678,191.209.43.85,5678
191.209.43.87,5678,191.209.43.86,5678
191.209.43.88,5678,191.209.43.87,5678
191.209.43.89,5678,191.209.43.88,5678
191.209.43.90,5678,191.209.43.89,5678
191.209.43.91,5678,191.209.43.90,5678
191.209.43.92,5678,191.209.43.91,5678
191.209.43.93,5678,191.209.43.92,5678
191.209.43.94,5678,191.209.43.93,5678
191.209.43.95,5678,191.209.43.94,5678
191.209.43.96,5678,191.209.43.95,5678
191.209.43.97,5678,191.209.43.96,5678
191.209.43.98,5678,191.209.43.97,5678
191.209.43.99,5678,191.209.43.98,5678
191.209.43.100,5678,191.209.43.99,5678
191.209.43.101,5678,191.209.43.100,5678
191.209.43.102,5678,191.209.43.101,5678
191.209.43.103,5678,191.209.43.102,5678
191.209.43.104,5678,191.209.43.103,5678
191.209.43.105,5678,191.209.43.104,5678
191.209.43.106,5678,191.209.43.105,5678
191.209.43.107,5678,191.209.43.106,5678
191.209.43.108,5678,191.209.43.107,5678
191.209.43.109,5678,191.209.43.108,5678
191.209.43.110,5678,191.209.43.109,5678
191.209.43.111,5678,191.209.43.110,5678
191.209.43.112,5678,191.209.43.111,5678
191.209.43.113,5678,191.209.43.112,5678
191.209.43.114,5678,191.209.43.113,5678
191.209.43.115,5678,191.209.43.114,5678
191.209.43.116,5678,191.209.43.115,5678
191.209.43.117,5678,191.209.43.116,5678
191.209.43.118,5678,191.209.43.117,5678
191.209.43.119,5678,191.209.43.118,5678
191.209.43.120,5678,191.209.43.119,5678
191.209.43.121,5678,191.209.43.120,5678
191.209.43.122,5678,191.209.43.121,5678
191.209.43.123,5678,191.209.43.122,5678
191.209.43.124,5678,191.209.43.123,5678
191.209.43.125,5678,191.209.43.124,5678
191.209.43.126,5678,191.209.43.125,5678
191.209.43.127,5678,191.209.43.126,5678
191.209.43.128,5678,191.209.43.127,5678
191.209.43.129,5678,191.209.43.128,5678
191.209.43.130,5678,191.209.43.129,5678
191.209.43.131,5678,191.209.43.130,5678
191.209.43.132,5678,191.209.43.131,5678
191.209.43.133,5678,191.209.43.132,5678
191.209.43.134,5678,191.209.43.133,5678
191.209.43.135,5678,191.209.43.134,5678
191.209.43.136,5678,191.209.43.135,5678
191.209.43.137,5678,191.209.43.136,5678
191.209.43.138,5678,191.209.43.137,5678
191.209.43.139,5678,191.209.43.138,5678
191.209.43.140,5678,191.209.43.139,5678
191.209.43.141,5678,191.209.43.140,5678
191.209.43.142,5678,191.209.43.141,5678
191.209.43.143,5678,191.209.43.142,5678
191.209.43.144,5678,191.209.43.143,5678
191.209.43.145,5678,191.209.43.144,5678
191.209.43.146,5678,191.209.43.145,5678
191.209.43.147,5678,191.209.43.146,5678
191.209.43.148,5678,191.209.43.147,5678
191.209.43.149,5678,191.209.43.148,5678
191.209.43.150,5678,191.209.43.149,5678
191.209.43.151,5678,191.209.43.150,5678
191.209.43.152,5678,191.209.43.151,5678
191.209.43.153,5678,191.209.43.152,5678
191.209.43.154,5678,191.209.43.153,5678
191.209.43.155,5678,191.209.43.154,5678
191.209.43.156,5678,191.209.43.155,5678
191.209.43.157,5678,191.209.43.156,5678
191.209.43.158,5678,191.209.43.157,5678
191.209.43.159,5678,191.209.43.158,5678
191.209.43.160,5678,191.209.43.159,5678
191.209.43.161,5678,191.209.43.160,5678
191.209.43.162,5678,191.209.43.161,5678
191.209.43.163,5678,191.209.43.162,5678
191.209.43.164,5678,191.209.43.163,5678
191.209.43.165,5678,191.209.43.164,5678
191.209.43.166,5678,191.209.43.165,5678
191.209.43.167,5678,191.209.43.166,5678
191.209.43.168,5678,191.209.43.167,5678
191.209.43.169,5678,191.209.43.168,5678
191.209.43.170,5678,191.209.43.169,5678
191.209.43.171,5678,191.209.43.170,5678
191.209.43.172,5678,191.209.43.171,5678
191.209.43.173,5678,191.209.43.172,5678
191.209.43.174,5678,191.209.43.173,5678
191.209.43.175,5678,191.209.43.174,5678
191.209.43.176,5678,191.209.43.175,5678
191.209.43.177,5678,191.209.43.176,5678
191.209.43.178,5678,191.209.43.177,5678
191.209.43.179,5678,191.209.43.178,5678
191.209.43.180,5678,191.209.43.179,5678
191.209.43.181,5678,191.209.43.180,5678
191.209.43.182,5678,191.209.43.181,5678
191.209.43.183,5678,191.209.43.182,5678
191.209.43.184,5678,191.209.43.183,5678
191.209.43.185,5678,191.209.43.184,5678
191.209.43.186,5678,191.209.43.185,5678
191.209.43.187,5678,191.209.43.186,5678
191.209.43.188,5678,191.209.43.187,5678
191.209.43.189,5678,191.209.43.188,5678
191.209.43.190,5678,191.209.43.189,5678
191.209.43.191,5678,191.209.43.190,5678
191.209.43.192,5678,191.209.43.191,5678
191.209.43.193,5678,191.209.43.192,5678
191.209.43.194,5678,191.209.43.193,5678
191.209.43.195,5678,191.209.43.194,5678
191.209.43.196,5678,191.209.43.195,5678
191.209.43.197,5678,191.209.43.196,5678
191.209.43.198,5678,191.209.43.197,5678
191.209.43.199,5678,191.209.43.198,5678
191.209.43.200,5678,191.209.43.199,5678
191.209.43.201,5678,191.209.43.200,5678
191.209.43.202,5678,191.209.43.201,5678
191.209.43.203,5678,191.209.43.202,5678
191.209.43.204,5678,191.209.43.203,5678
191.209.43.205,5678,191.209.43.204,5678
191.209.43.206,5678,191.209.43.205,5678
191.209.43.207,5678,191.209.43.206,5678
191.209.43.208,5678,191.209.43.207,5678
191.209.43.209,5678,191.209.43.208,5678
191.209.43.210,5678,191.209.43.209,5678
191.209.43.211,5678,191.209.43.210,5678
191.209.43.212,5678,191.209.43.211,5678
191.209.43.213,5678,191.209.43.212,5678
191.209.43.214,5678,191.209.43.213,5678
191.209.43.215,5678,191.209.43.214,5678
191.209.43.216,5678,191.209.43.215,5678
191.209.43.217,5678,191.209.43.216,5678
191.209.43.218,5678,191.209.43.217,5678
191.209.43.219,5678,191.209.43.218,5678
191.209.43.220,5678,191.209.43.219,5678
191.209.43.221,5678,191.209.43.220,5678
191.209.43.222,5678,191.209.43.221,5678
191.209.43.223,5678,191.209.43.222,5678
191.209.43.224,5678,191.209.43.223,5678
191.209.43.225,5678,191.209.43.224,5678
191.209.43.226,5678,191.209.43.225,5678
191.209.43.227,5678,191.209.43.226,5678
191.209.43.228,5678,191.209.43.227,5678
191.209.43.229,5678,191.209.43.228,5678
191.209.43.230,5678,191.209.43.229,5678
191.209.43.231,5678,191.209.43.230,5678
191.209.43.232,5678,191.209.43.231,5678
191.209.43.233,5678,191.209.43.232,5678
191.209.43.234,5678,191.209.43.233,5678
191.209.43.235,5678,191.209.43.234,5678
191.209.43.236,5678,191.209.43.235,5678
191.209.43.237,5678,191.209.43.236,5678
191.209.43.238,5678,191.209.43.237,5678
191.209.43.239,5678,191.209.43.238,5678
191.209.43.240,5678,191.209.43.239,5678
191.209.43.241,5678,191.209.43.240,5678
191.209.43.242,5678,191.209.43.241,5678
191.209.43.243,5678,191.209.43.242,5678
191.209.43.244,5678,191.209.43.243,5678
191.209.43.245,5678,191.209.43.244,5678
191.209.43.246,5678,191.209.43.245,5678
191.209.43.247,5678,191.209.43.246,5678
191.209.43.248,5678,191.209.43.247,5678
191.209.43.249,5678,191.209.43.248,5678
191.209.43.250,5678,191.209.43.249,5678
191.209.43.251,5678,191.209.43.250,5678
191.209.43.252,5678,191.209.43.251,5678
191.209.43.253,5678,191.209.43.252,5678
191.209.43.254,5678,191.209.43.253,5678
191.209.43.255,5678,191.209.43.254,5678
191.209.43.256,5678,191.209.43.255,5678
191.209.43.257,5678,191.209.43.256,5678
191.209.43.258,5678,191.209.43.257,5678
191.209.43.259,5678,191.209.43.258,5678
191.209.43.260,5678,191.209.43.259,5678
191.209.43.261,5678,191.209.43.260,5678
191.209.43.262,5678,191.209.43.261,5678
191.209.43.263,5678,191.209.43.262,5678
191.209.43.264,5678,191.209.43.263,5678
191.209.43.265,5678,191.209.43.264,5678
191.209.43.266,5678,191.209.43.265,5678
191.209.43.267,5678,191.209.43.266,5678
191.209.43.268,5678,191.209.43.267,5678
191.209.43.269,5678,191.209.43.268,5678
191.209.43.270,5678,191.209.43.269,5678
191.209.43.271,5678,191.209.43.270,5678
191.209.43.272,5678,191.209.43.271,5678
191.209.43.273,5678,191.209.43.272,5678
191.209.43.274,5678,191.209.43.273,5678
191.209.43.275,5678,191.209.43.274,5678
191.209.43.276,5678,191.209.43.275,5678
191.209.43.277,5678,191.209.43.276,5678
191.209.43.278,5678,191.209.43.277,5678
191.209.43.279,5678,191.209.43.278,5678
191.209.43.280,5678,191.209.43.279,5678
191.209.43.281,5678,191.209.43.280,5678
191.209.43.282,5678,191.209.43.281,5678
191.209.43.283,5678,191.209.43.282,5678
191.209.43.284,5678,191.209.43.283,5678
191.209.43.285,5678,191.209.43.284,5678
191.209.43.286,5678,191.209.43.285,5678
191.209.43.287,5678,191.209.43.286,5678
191.209.43.288,5678,191.209.43.287,5678
191.209.43.289,5678,191.209.43.288,5678
191.209.43.290,5678,191.209.43.289,5678
191.209.43.291,5678,191.209.43.290,5678
191.209.43.292,5678,191.209.43.291,5678
191.209.43.293,5678,191.209.43.292,5678
191.209.43.294,5678,191.209.43.293,5678
191.209.43.295,5678,191.209.43.294,5678
191.209.43.296,5678,191.209.43.295,5678
191.209.43.297,5678,191.209.43.296,5678
191.209.43.298,5678,191.209.43.297,5678
191.209.43.299,5678,191.209.43.298,5678
191.209.43.300,5678,191.209.43.299,5678
191.209.43.301,5678,191.209.43.300,5678
191.209.43.302,5678,191.209.43.301,5678
191.209.43.303,5678,191.209.43.302,5678
191.209.43.304,5678,191.209.43.303,5678
191.209.43.305,5678,191.209.43.304,5678
191.209.43.306,5678,191.209.43.305,5678
191.209.43.307,5678,191.209.43.306,5678
191.209.43.308,5678,191.209.43.307,5678
191.209.43.309,5678,191.209.43.308,5678
191.209.43.310,5678,191.209.43.309,5678
191.209.43.311,5678,191.209.43.310,5678
191.209.43.312,5678,191.209.43.311,5678
191.209.43.313,5678,191.209.43.312,5678
191.209.43.314,5678,191.209.43.313,5678
191.209.43.315,5678,191.209.43.314,5678
191.209.43.316,5678,191.209.43.315,5678
191.209.43.317,5678,191.209.43.316,5678
191.209.43.318,5678,191.209.43.317,5678
191.209.43.319,5678,191.209.43.318,5678
191.209.43.320,5678,191.209.43.319,5678
191.209.43.321,5678,191.209.43.320,5678
191.209.43.322,5678,191.209.43.321,5678
191.209.43.323,5678,191.209.43.322,5678
191.209.43.324,5678,191.209.43.323,5678
191.209.43.325,5678,191.209.43.324,5678
191.209.43.326,5678,191.209.43.325,5678
191.209.43.327,5678,191.209.43.326,5678
191.209.43.328,5678,191.209.43.327,5678
191.209.43.329,5678,191.209.43.328,5678
191.209.43.330,5678,191.209.43.329,5678
191.209.43.331,5678,191.209.43.330,5678
191.209.43.332,5678,191.209.43.331,5678
191.209.43.333,5678,191.209.43.332,5678
191.209.43.334,5678,191.209.43.333,5678
191.209.43.335,5678,191.209.43.334,5678
191.209.43.336,5678,191.209.43.335,5678
191.209.43.337,5678,191.209.43.336,5678
191.209.43.338,5678,191.209.43.337,5678
191.209.43.339,5678,191.209.43.338,5678
191.209.43.340,5678,191.209.43.339,5678
191.209.43.341,5678,191.209.43.340,5678
191.209.43.342,5678,191.209.43.341,5678
191.209.43.343,5678,191.209.43.342,5678
191.209.43.344,5678,191.209.43.343,5678
191.209.43.345,5678,191.209.43.344,5678
191.209.43.346,5678,191.209.43.345,5678
191.209.43.347,5678,191.209.43.346,5678
191.209.43.348,5678,191.209.43.347,5678
191.209.43.349,5678,191.209.43.348,5678
191.209.43.350,5678,191.209.43.349,5678
191.209.43.351,5678,191.209.43.350,5678
191.209.43.352,5678,191.209.43.351,5678
191.209.43.353,5678,191.209.43.352,5678
191.209.43.354,5678,191.209.43.353,5678
191.209.43.355,5678,191.209.43.354,5678
191.209.43.356,5678,191.209.43.355,5678
191.209.43.357,5678,191.209.43.356,5678
191.209.43.358,5678,191.209.43.357,5678
191.209.43.359,5678,191.209.43.358,5678
191.209.43.360,5678,191.209.43.359,5678
191.209.43.361,5678,191.209.43.360,5678
191.209.43.362,5678,191.209.43.361,5678
191.209.43.363,5678,191.209.43.362,5678
191.209.43.364,5678,191.209.43.363,5678
191.209.43.365,5678,191.209.43.364,5678
191.209.43.366,5678,191.209.43.365,5678
191.209.43.367,5678,191.209.43.366,5678
191.209.43.368,5678,191.209.43.367,5678
191.209.43.369,5678,191.209.43.368,5678
191.209.43.370,5678,191.209.43.369,5678
191.209.43.371,5678,191.209.43.370,5678
191.209.43.372,5678,191.209.43.371,5678
191.209.43.373,5678,191.209.43.372,5678
191.209.43.374,5678,191.209.43.373,5678
191.209.43.375,5678,191.209.43.374,5678
191.209.43.376,5678,191.209.43.375,5678
191.209.43.377,5678,191.209.43.376,5678
191.209.43.378,5678,191.209.43.377,5678
191.209.43.379,5678,191.209.43.378,5678
191.209.43.380,5678,191.209.43.379,5678
191.209.43.381,5678,191.209.43.380,5678
191.209.43.382,5678,191.209.43.381,5678
191.209.43.383,5678,191.209.43.382,5678
191.209.43.384,5678,191.209.43.383,5678
191.209.43.385,5678,191.209.43.384,5678
191.209.43.386,5678,191.209.43.385,5678
191.209.43.387,5678,191.209.43.386,5678
191.209.43.388,5678,191.209.43.387,5678
191.209.43.389,5678,191.209.43.388,5678
191.209.43.390,5678,191.209.43.389,5678
191.209.43.391,5678,191.209.43.390,5678
191.209.43.392,5678,191.209.43.391,5678
191.209.43.393,5678,191.209.43.392,5678
191.209.43.394,5678,191.209.43.393,5678
191.209.43.395,5678,191.209.43.394,5678
191.209.43.396,5678,191.209.43.395,5678
191.209.43.397,5678,191.209.43.396,5678
191.209.43.398,5678,191.209.43.397,5678
191.209.43.399,5678,191.209.43.398,5678
191.209.43.400,5678,191.209.43.399,5678
191.209.43.401,5678,191.209.43.400,5678
191.209.43.402,5678,191.209.43.401,5678
191.209.43.403,5678,191.209.43.402,5678
191.209.43.404,5678,191.209.43.403,5678
191.209.43.405,5678,191.209.43.404,5678
191.209.43.406,5678,191.209.43.405,5678
191.209.43.407,5678,191.209.43.406,5678
191.209.43.408,5678,191.209.43.407,5678
191.209.43.409,5678,191.209.43.408,5678
191.209.43.410,5678,191.209.43.409,5678
191.209.43.411,5678,191.209.43.410,5678
191.209.43.412,5678,191.209.43.411,5678
191.209.43.413,5678,191.209.43.412,5678
191.209.43.414,5678,191.209.43.413,5678
191.209.43.415,5678,191.209.43.414,5678
191.209.43.416,5678,191.209.43.415,5678
191.209.43.417,5678,191.209.43.416,5678
191.209.43.418,5678,191.209.43.417,5678
191.209.43.419,5678,191.209.43.418,5678
191.209.43.420,5678,191.209.43.419,5678
191.209.43.421,5678,191.209.43.420,5678
191.209.43.422,5678,191.209.43.421,5678
191.209.43.423,5678,191.209.43.422,5678
191.209.43.424,5678,191.209.43.423,5678
191.209.43.425,5678,191.209.43.424,5678
191.209.43.426,5678,191.209.43.425,5678
191.209.43.427,5678,191.209.43.426,5678
191.209.43.428,5678,191.209.43.427,5678
191.209.43.429,5678,191.209.43.428,5678
191.209.43.430,5678,191.209.43.429,5678
191.209.43.431,5678,191.209.43.430,5678
191.209.43.432,5678,191.209.43.431,5678
191.209.43.433,5678,191.209.43.432,5678
191.209.43.434,5678,191.209.43.433,5678
191.209.43.435,5678,191.209.43.434,5678
191.209.43.436,5678,191.209.43.435,5678
191.209.43.437,5678,191.209.43.436,5678
191.209.43.438,5678,191.209.43.437,5678
191.209.43.439,5678,191.209.43.438,5678
191.209.43.440,5678,191.209.43.439,5678
191.209.43.441,5678,191.209.43.440,5678
191.209.43.442,5678,191.209.43.441,5678
191.209.43.443,5678,191.209.43.442,5678
191.209.43.444,5678,191.209.43.443,5678
191.209.43.445,5678,191.209.43.444,5678
191.209.43.446,5678,191.209.43.445,5678
191.209.43.447,5678,191.209.43.446,5678
191.209.43.448,5678,191.209.43.447,5678
191.209.43.449,5678,191.209.43.448,5678
191.209.43.450,5678,191.209.43.449,5678
191.209.43.451,5678,191.209.43.450,5678
191.209.43.452,5678,191.209.43.451,5678
191.209.43.453,5678,191.209.43.452,5678
191.209.43.454,5678,191.209.43.453,5678
191.209.43.455,5678,191.209.43.454,5678
191.209.43.456,5678,191.209.43.455,5678
191.209.43.457,5678,191.209.43.456,5678
191.209.43.458,5678,191.209.43.457,5678
191.209.43.459,5678,191.209.43.458,5678
191.209.43.460,5678,191.209.43.459,5678
191.209.43.461,5678,191.209.43.460,5678
191.209.43.462,5678,191.209.43.461,5678
191.209.43.463,5678,191.209.43.462,5678
191.209.43.464,5678,191.209.43.463,5678
191.209.43.465,5678,191.209.43.464,5678
191.209.43.466,5678,191.209.43.465,5678
191.209.43.467,5678,191.209.43.466,5678
191.209.43.468,5678,191.209.43.467,5678
191.209.43.469,5678,191.209.43.468,5678
191.209.43.470,5678,191.209.43.469,5678
191.209.43.471,5678,191.209.43.470,5678
191.209.43.472,5678,191.209.43.471,5678
191.209.43.473,5678,191.209.43.472,5678
191.209.43.474,5678,191.209.43.473,5678
191.209.43.475,5678,191.209.43.474,5678
191.209.43.476,5678,191.209.43.475,5678
191.209.43.477,5678,191.209.43.476,5678
191.209.43.478,5678,191.209.43.477,5678
191.209.43.479,5678,191.209.43.478,5678
191.209.43.480,5678,191.209.43.479,5678
191.209.43.481,5678,191.209.43.480,5678
191.209.43.482,5678,191.209.43.481,5678
191.209.43.483,5678,191.209.43.482,5678
191.209.43.484,5678,191.209.43.483,5678
191.209.43.485,5678,191.209.43.484,5678
191.209.43.486,5678,191.209.43.485,5678
191.209.43.487,5678,191.209.43.486,5678
191.209.43.488,5678,191.209.43.487,5678
191.209.43.489,5678,191.209.43.488,5678
191.209.43.490,5678,191.209.43.489,5678
191.209.43.491,5678,191.209.43.490,5678
191.209.43.492,5678,191.209.43.491,5678
191.209.43.493,5678,191.209.43.492,5678
191.209.43.494,5678,191.209.43.493,5678
191.209.43.495,5678,191.209.43.494,5678
191.209.43.496,5678,191.209.43.495,5678
191.209.43.497,5678,191.209.43.496,5678
191.209.43.498,5678,191.209.43.497,5678
191.209.43.499,5678,191.209.43.498,5678
191.209.43.500,5678,191.209.43.499,5678
191.209.43.501,5678,191.209.43.500,5678
191.209.43.502,5678,191.209.43.501,5678
191.209.43.503,5678,191.209.43.502,5678
191.209.43.504,5678,191.209.43.503,5678
191.209.43.505,5678,191.209.43.504,5678
191.209.43.506,5678,191.209.43.505,5678
191.209.43.507,5678,191.209.43.506,5678
191.209.43.508,5678,191.209.43.507,5678
191.209.43.509,5678,191.209.43.508,5678
191.209.43.510,5678,191.209.43.509,5678
191.209.43.511,5678,191.209.43.510,5678
191.209.43.512,5678,191.209.43.511,5678
191.209.43.513,5678,191.209.43.512,5678
191.209.43.514,5678,191.209.43.513,5678
,5678,191.209.43.514,5678
